State_Code,weekid,dose1,dose2
AN,0,209737.0,91630.0
AN,1,-209714.0,-91630.0
AN,2,897.0,0.0
AN,3,1140.0,0.0
AN,4,108263.0,15191.0
AN,5,100255.0,76957.0
AN,6,-205871.0,-91202.0
AN,7,1322.0,1014.0
AN,8,104972.0,13239.0
AN,9,100560.0,77382.0
AN,10,-198312.0,-88970.0
AN,11,1956.0,1469.0
AN,12,342.0,77.0
AN,13,197024.0,88001.0
AN,14,-145120.0,-86590.0
AN,15,19345.0,2729.0
AN,16,6697.0,1584.0
AN,17,119964.0,82676.0
AN,18,-113399.0,-78427.0
AN,19,3547.0,26.0
AN,20,4712.0,10.0
AN,21,770.0,15.0
AN,22,105246.0,78663.0
AN,23,-93131.0,-78338.0
AN,24,22127.0,795.0
AN,25,13141.0,3522.0
AN,26,58551.0,74426.0
AN,27,-34348.0,-17051.0
AN,28,12045.0,9279.0
AN,29,14701.0,5073.0
AN,30,-44135.0,-46240.0
AN,31,69425.0,51977.0
AN,32,5801.0,2868.0
AN,33,15683.0,4664.0
AN,34,3259.0,982.0
AN,35,-41406.0,-11204.0
AN,36,-216046.0,-94597.0
AN,37,0.0,0.0
AN,38,2796.0,0.0
AN,39,214142.0,95049.0
AN,40,-216938.0,-95049.0
AN,41,0.0,0.0
AN,42,0.0,0.0
AN,43,114850.0,15323.0
AN,44,104466.0,80171.0
AN,47,-182744.0,-89781.0
AN,48,187182.0,90271.0
AP,0,16301072.0,5586138.0
AP,1,-16296856.0,-5586138.0
AP,2,66164.0,0.0
AP,3,63191.0,0.0
AP,4,7562507.0,2547764.0
AP,5,8871622.0,3183469.0
AP,6,-16153882.0,-5643763.0
AP,7,122137.0,50342.0
AP,8,7251014.0,2416520.0
AP,9,8889182.0,3245656.0
AP,10,-15381650.0,-5500759.0
AP,11,667934.0,73728.0
AP,12,240001.0,23303.0
AP,13,14583810.0,5467754.0
AP,14,-12776263.0,-5266094.0
AP,15,533335.0,528629.0
AP,16,568693.0,340474.0
AP,17,11777189.0,4466111.0
AP,18,-11404137.0,-3765921.0
AP,19,79300.0,180783.0
AP,20,1710372.0,133539.0
AP,21,81689.0,30789.0
AP,22,9963128.0,3558427.0
AP,23,-7468594.0,-3418473.0
AP,24,2069989.0,254321.0
AP,25,666405.0,209403.0
AP,26,4889771.0,3024094.0
AP,27,-2969376.0,-2022115.0
AP,28,402582.0,537279.0
AP,29,1186472.0,917332.0
AP,30,-2749382.0,-2204100.0
AP,31,5168722.0,3116720.0
AP,32,881569.0,493572.0
AP,33,1370561.0,1002745.0
AP,34,1212850.0,608174.0
AP,35,-4352538.0,-2375391.0
AP,36,-17628583.0,-6214312.0
AP,37,0.0,0.0
AP,38,286401.0,0.0
AP,39,17515379.0,6296468.0
AP,40,-17801780.0,-6296468.0
AP,41,0.0,0.0
AP,42,0.0,0.0
AP,43,9085932.0,2610437.0
AP,44,8808429.0,3728078.0
AP,47,-14513938.0,-5805269.0
AP,48,14594010.0,5830144.0
AR,0,9187280813.0,248100011.0
AR,1,-9187280588.0,-248100011.0
AR,2,13804.0,0.0
AR,3,406048.0,0.0
AR,4,4140103367.0,76470824.0
AR,5,5063660451.0,172940867.0
AR,6,-9182036090.0,-249052826.0
AR,7,2955590.0,125619.0
AR,8,4549223772.0,76016414.0
AR,9,4667558685.0,174961944.0
AR,10,-9202183331.0,-249625165.0
AR,11,6080759.0,18730237.0
AR,12,2021836.0,931023.0
AR,13,9217983041.0,231765255.0
AR,14,-9138036941.0,-220830623.0
AR,15,54353253.0,7638943.0
AR,16,58268614.0,6897116.0
AR,17,9044717316.0,208316054.0
AR,18,-6311301373.0,-179275395.0
AR,19,326723126.0,330158.0
AR,20,83908453.0,60192.0
AR,21,13301098.0,50054.0
AR,22,5907971232.0,180516011.0
AR,23,-2832559118.0,-179834786.0
AR,24,682164802.0,1421575.0
AR,25,273935919.0,3402850.0
AR,26,1899160207.0,177201143.0
AR,27,-738053290.0,-92817652.0
AR,28,356422407.0,52607427.0
AR,29,219415573.0,28592537.0
AR,30,-1237684117.0,-137345843.0
AR,31,1573310647.0,175927189.0
AR,32,140607150.0,2726760003.0
AR,33,164408703.0,710611559.0
AR,34,126005301.0,343309530.0
AR,35,-556028406.0,-3802961983.0
AR,36,-9376798713.0,-263840251.0
AR,37,0.0,0.0
AR,38,810728.0,0.0
AR,39,9397289795.0,268502441.0
AR,40,-9398100523.0,-268502441.0
AR,41,0.0,0.0
AR,42,0.0,0.0
AR,43,5501071484.0,76681330.0
AR,44,3925030597.0,196693808.0
AR,47,-9324979632.0,-247266160.0
AR,48,9344581332.0,251798757.0
AS,0,8877144.0,1948996.0
AS,1,-8876743.0,-1948996.0
AS,2,3660.0,0.0
AS,3,26512.0,0.0
AS,4,3329127.0,840300.0
AS,5,5782087.0,1147152.0
AS,6,-8988458.0,-1976862.0
AS,7,42047.0,17168.0
AS,8,3197045.0,815192.0
AS,9,6012973.0,1180910.0
AS,10,-8847740.0,-1915477.0
AS,11,332813.0,33017.0
AS,12,44444.0,8847.0
AS,13,8600740.0,1895499.0
AS,14,-8239980.0,-1755027.0
AS,15,297281.0,122152.0
AS,16,353848.0,121063.0
AS,17,7818207.0,1547609.0
AS,18,-7133331.0,-1350666.0
AS,19,306861.0,46646.0
AS,20,308163.0,49656.0
AS,21,57793.0,5981.0
AS,22,6671655.0,1278518.0
AS,23,-5706955.0,-1056271.0
AS,24,1389486.0,127319.0
AS,25,133377.0,48140.0
AS,26,4397161.0,919331.0
AS,27,-2952173.0,-623524.0
AS,28,720674.0,184910.0
AS,29,751471.0,217665.0
AS,30,-2299853.0,-608283.0
AS,31,5020717.0,1121935.0
AS,32,1348111.0,284712.0
AS,33,1214497.0,298040.0
AS,34,429096.0,101882.0
AS,35,-3926464.0,-918957.0
AS,36,-10495293.0,-2208577.0
AS,37,0.0,0.0
AS,38,103044.0,0.0
AS,39,10593801.0,2259559.0
AS,40,-10696845.0,-2259559.0
AS,41,0.0,0.0
AS,42,0.0,0.0
AS,43,3769894.0,904617.0
AS,44,7002976.0,1386220.0
AS,47,-9509627.0,-2023329.0
AS,48,9656106.0,2068662.0
BR,0,20779993.0,3919846.0
BR,1,-20777026.0,-3919846.0
BR,2,35442.0,0.0
BR,3,67342.0,0.0
BR,4,8506905.0,1812319.0
BR,5,12312615.0,2149356.0
BR,6,-20405911.0,-3923273.0
BR,7,39961.0,39826.0
BR,8,8205088.0,1742651.0
BR,9,12236253.0,2176416.0
BR,10,-19547957.0,-3629218.0
BR,11,637591.0,40374.0
BR,12,172133.0,7076.0
BR,13,19059328.0,3664471.0
BR,14,-16426572.0,-3397177.0
BR,15,585058.0,199000.0
BR,16,401616.0,203812.0
BR,17,16086028.0,3120662.0
BR,18,-14787819.0,-2516839.0
BR,19,612349.0,40111.0
BR,20,638997.0,43592.0
BR,21,84683.0,18344.0
BR,22,13983209.0,2502715.0
BR,23,-11027664.0,-2256204.0
BR,24,2036374.0,137168.0
BR,25,175523.0,40301.0
BR,26,9261980.0,2184182.0
BR,27,-5392289.0,-1289826.0
BR,28,1098865.0,293284.0
BR,29,1899663.0,487583.0
BR,30,-5072279.0,-1307027.0
BR,31,9687899.0,2275588.0
BR,32,1880577.0,433900.0
BR,33,2359037.0,581500.0
BR,34,2259719.0,394069.0
BR,35,-8316540.0,-1783968.0
BR,36,-23350171.0,-4484768.0
BR,37,0.0,0.0
BR,38,388881.0,0.0
BR,39,23103518.0,4520023.0
BR,40,-23492399.0,-4520023.0
BR,41,0.0,0.0
BR,42,0.0,0.0
BR,43,9881658.0,1897311.0
BR,44,13876494.0,2682469.0
BR,47,-19385553.0,-3999934.0
BR,48,19878470.0,4102694.0
CH,0,646859.0,197578.0
CH,1,-646739.0,-197578.0
CH,2,670.0,0.0
CH,3,1416.0,0.0
CH,4,283628.0,74960.0
CH,5,366057.0,125367.0
CH,6,-641512.0,-199581.0
CH,7,6548.0,894.0
CH,8,274791.0,73351.0
CH,9,368184.0,128438.0
CH,10,-612071.0,-194593.0
CH,11,7357.0,2411.0
CH,12,2260.0,879.0
CH,13,607061.0,193965.0
CH,14,-546775.0,-180571.0
CH,15,20260.0,11207.0
CH,16,22077.0,11691.0
CH,17,509213.0,160630.0
CH,18,-458122.0,-135376.0
CH,19,26558.0,950.0
CH,20,27027.0,232.0
CH,21,9859.0,47.0
CH,22,405288.0,138001.0
CH,23,-306995.0,-135744.0
CH,24,44405.0,4400.0
CH,25,21997.0,6018.0
CH,26,247308.0,130655.0
CH,27,-147700.0,-80986.0
CH,28,38004.0,30968.0
CH,29,45069.0,26949.0
CH,30,-142447.0,-88043.0
CH,31,254044.0,137232.0
CH,32,38558.0,27767.0
CH,33,25899.0,28396.0
CH,34,9031.0,7874.0
CH,35,-106782.0,-84854.0
CH,36,-700285.0,-223534.0
CH,37,0.0,0.0
CH,38,5004.0,0.0
CH,39,700029.0,226814.0
CH,40,-705033.0,-226814.0
CH,41,0.0,0.0
CH,42,0.0,0.0
CH,43,319892.0,75623.0
CH,44,391871.0,154675.0
CH,47,-608632.0,-210488.0
CH,48,614326.0,214305.0
CT,0,8748715.0,2333090.0
CT,1,-8747675.0,-2333090.0
CT,2,11145.0,0.0
CT,3,45261.0,0.0
CT,4,5085631.0,1117047.0
CT,5,3632054.0,1234959.0
CT,6,-8433901.0,-2331101.0
CT,7,35488.0,30850.0
CT,8,4769309.0,1069966.0
CT,9,3662271.0,1251346.0
CT,10,-7726796.0,-2104328.0
CT,11,347956.0,38205.0
CT,12,189774.0,11114.0
CT,13,7210163.0,2076432.0
CT,14,-4452688.0,-1901023.0
CT,15,344583.0,109453.0
CT,16,131713.0,114986.0
CT,17,4064130.0,1746729.0
CT,18,-3858330.0,-1385173.0
CT,19,34036.0,11323.0
CT,20,34329.0,11337.0
CT,21,7490.0,3748.0
CT,22,3934741.0,1418447.0
CT,23,-3879756.0,-1338723.0
CT,24,1022242.0,204703.0
CT,25,667725.0,183438.0
CT,26,2243434.0,989081.0
CT,27,-1233933.0,-575323.0
CT,28,373348.0,167120.0
CT,29,370345.0,166038.0
CT,30,-1258044.0,-543284.0
CT,31,2008751.0,998514.0
CT,32,283941.0,217789.0
CT,33,245734.0,180053.0
CT,34,94422.0,66529.0
CT,35,-826126.0,-652557.0
CT,36,-9181482.0,-2587695.0
CT,37,0.0,0.0
CT,38,201792.0,0.0
CT,39,8999323.0,2609468.0
CT,40,-9201115.0,-2609468.0
CT,41,0.0,0.0
CT,42,0.0,0.0
CT,43,5165344.0,1152803.0
CT,44,4081030.0,1485830.0
CT,47,-5212933.0,-2209708.0
CT,48,5267923.0,2265209.0
DL,0,7433097.0,2671689.0
DL,1,-7432205.0,-2671689.0
DL,2,11420.0,0.0
DL,3,32446.0,0.0
DL,4,4212418.0,1249358.0
DL,5,3224825.0,1467353.0
DL,6,-7190864.0,-2698438.0
DL,7,76562.0,20459.0
DL,8,3927039.0,1225916.0
DL,9,3238597.0,1497406.0
DL,10,-6954161.0,-2570549.0
DL,11,99515.0,51811.0
DL,12,34776.0,12354.0
DL,13,6865841.0,2546657.0
DL,14,-5458207.0,-2350741.0
DL,15,274836.0,114710.0
DL,16,185716.0,124003.0
DL,17,5048656.0,2151173.0
DL,18,-4165747.0,-1794625.0
DL,19,472965.0,104987.0
DL,20,211070.0,52037.0
DL,21,46391.0,20484.0
DL,22,3489085.0,1651251.0
DL,23,-2740340.0,-1297219.0
DL,24,685715.0,121819.0
DL,25,459433.0,104449.0
DL,26,1655382.0,1130812.0
DL,27,-609845.0,-723767.0
DL,28,155109.0,172376.0
DL,29,103971.0,280822.0
DL,30,-727214.0,-651428.0
DL,31,1584720.0,1251531.0
DL,32,588653.0,221617.0
DL,33,609839.0,281861.0
DL,34,208004.0,92598.0
DL,35,-1821952.0,-860541.0
DL,36,-7835546.0,-3000536.0
DL,37,0.0,0.0
DL,38,134600.0,0.0
DL,39,7785329.0,3057205.0
DL,40,-7919929.0,-3057205.0
DL,41,0.0,0.0
DL,42,0.0,0.0
DL,43,4583464.0,1412284.0
DL,44,3418947.0,1689296.0
DL,47,-6146918.0,-2721171.0
DL,48,6230529.0,2771266.0
DN,0,557791.0,74962.0
DN,1,-557768.0,-74962.0
DN,2,257.0,0.0
DN,3,572.0,0.0
DN,4,180813.0,26005.0
DN,5,379929.0,49362.0
DN,6,-555218.0,-74902.0
DN,7,928.0,209.0
DN,8,178480.0,25340.0
DN,9,379708.0,49712.0
DN,10,-547149.0,-71136.0
DN,11,3713.0,680.0
DN,12,1292.0,406.0
DN,13,545380.0,70439.0
DN,14,-496764.0,-64936.0
DN,15,4752.0,2206.0
DN,16,2642.0,2753.0
DN,17,492899.0,60584.0
DN,18,-480610.0,-50851.0
DN,19,28723.0,38.0
DN,20,40317.0,49.0
DN,21,9418.0,16.0
DN,22,406050.0,51467.0
DN,23,-294704.0,-50517.0
DN,24,60008.0,4986.0
DN,25,45634.0,8325.0
DN,26,193194.0,38677.0
DN,27,-69434.0,-12357.0
DN,28,19373.0,4797.0
DN,29,24891.0,3418.0
DN,30,-104182.0,-18641.0
DN,31,147445.0,34292.0
DN,32,8972.0,19192.0
DN,33,7622.0,25318.0
DN,34,2208.0,6216.0
DN,35,-32812.0,-60296.0
DN,36,-584370.0,-80851.0
DN,37,0.0,0.0
DN,38,3309.0,0.0
DN,39,584333.0,81918.0
DN,40,-587642.0,-81918.0
DN,41,0.0,0.0
DN,42,0.0,0.0
DN,43,228473.0,26291.0
DN,44,362040.0,56788.0
DN,47,-525810.0,-73672.0
DN,48,528504.0,75357.0
GA,0,1061058.0,274265.0
GA,1,-1061008.0,-274265.0
GA,2,921.0,0.0
GA,3,2493.0,0.0
GA,4,438926.0,95402.0
GA,5,623622.0,181748.0
GA,6,-1049890.0,-275877.0
GA,7,3748.0,1477.0
GA,8,428241.0,92854.0
GA,9,622317.0,184285.0
GA,10,-994178.0,-265556.0
GA,11,15441.0,2831.0
GA,12,5751.0,2171.0
GA,13,976530.0,263138.0
GA,14,-882094.0,-237195.0
GA,15,45666.0,16298.0
GA,16,39581.0,11017.0
GA,17,799831.0,212647.0
GA,18,-734713.0,-191025.0
GA,19,47020.0,453.0
GA,20,37256.0,293.0
GA,21,7336.0,139.0
GA,22,647444.0,193791.0
GA,23,-434863.0,-187966.0
GA,24,101915.0,6866.0
GA,25,69134.0,8746.0
GA,26,269900.0,178522.0
GA,27,-111612.0,-86400.0
GA,28,37450.0,36859.0
GA,29,41482.0,26878.0
GA,30,-158582.0,-121031.0
GA,31,216692.0,178544.0
GA,32,23710.0,33955.0
GA,33,22351.0,38190.0
GA,34,7334.0,18302.0
GA,35,-71818.0,-117837.0
GA,36,-1094392.0,-302519.0
GA,37,0.0,0.0
GA,38,9656.0,0.0
GA,39,1088347.0,307364.0
GA,40,-1098003.0,-307364.0
GA,41,0.0,0.0
GA,42,0.0,0.0
GA,43,516897.0,97521.0
GA,44,584734.0,214434.0
GA,47,-947108.0,-278398.0
GA,48,949760.0,282350.0
GJ,0,23578445776026.0,922610673792.0
GJ,1,-23578445730218.0,-922610673792.0
GJ,2,43987402.0,0.0
GJ,3,1031004070.0,0.0
GJ,4,7472761207338.0,406128434765.0
GJ,5,16383208747751.0,523379603333.0
GJ,6,-23844912856051.0,-929449892368.0
GJ,7,133299317.0,844305390.0
GJ,8,7506625644968.0,408045710018.0
GJ,9,16616574121194.0,527371441426.0
GJ,10,-24008041983472.0,-921541415271.0
GJ,11,508411300028.0,966357465.0
GJ,12,128447301708.0,1462876374.0
GJ,13,23378164389864.0,920173484769.0
GJ,14,-22909873353834.0,-892209914113.0
GJ,15,65700788931.0,58784735854.0
GJ,16,45076507549.0,91671765226.0
GJ,17,23225244419042.0,866245009838.0
GJ,18,-19665235548128.0,-676202698740.0
GJ,19,41593885972.0,804454191.0
GJ,20,2380834931314.0,12371474103.0
GJ,21,82438808048.0,2710750926.0
GJ,22,17674703329060.0,672450808768.0
GJ,23,-14663493714782.0,-611072260232.0
GJ,24,1841314732098.0,47402645295.0
GJ,25,589457584594.0,29039442455.0
GJ,26,12710973782737.0,546629057075.0
GJ,27,-5009800842093.0,-444299675411.0
GJ,28,1549318071045.0,179312391868.0
GJ,29,1503034077978.0,60847991941.0
GJ,30,-4569095211922.0,-295137418435.0
GJ,31,9198467122752.0,2511098541300.0
GJ,32,1692645703621.0,435600379560.0
GJ,33,1616412530795.0,381949456779.0
GJ,34,480244468568.0,188137066842.0
GJ,35,-5858767410262.0,-2986400172848.0
GJ,36,-26163640873008.0,-1117114738143.0
GJ,37,0.0,0.0
GJ,38,10031026990.0,0.0
GJ,39,26561757174058.0,1127225312794.0
GJ,40,-26571788201048.0,-1127225312794.0
GJ,41,0.0,0.0
GJ,42,0.0,0.0
GJ,43,8779389268572.0,430115603466.0
GJ,44,17868888033530.0,724097974589.0
GJ,47,-25488327331393.0,-1115859111694.0
GJ,48,26088213778953.0,1131529989130.0
HP,0,3968690.0,1273554.0
HP,1,-3968488.0,-1273554.0
HP,2,5194.0,0.0
HP,3,17391.0,0.0
HP,4,2026176.0,433831.0
HP,5,1961112.0,857707.0
HP,6,-3915506.0,-1279707.0
HP,7,6358.0,8662.0
HP,8,1959237.0,413417.0
HP,9,1988729.0,873713.0
HP,10,-3795803.0,-1228304.0
HP,11,96216.0,6943.0
HP,12,30889.0,1782.0
HP,13,3703617.0,1233672.0
HP,14,-2940074.0,-1187361.0
HP,15,211200.0,48268.0
HP,16,186317.0,69463.0
HP,17,2574322.0,1082084.0
HP,18,-2331027.0,-901495.0
HP,19,116810.0,552.0
HP,20,94894.0,381.0
HP,21,26382.0,13.0
HP,22,2132389.0,914185.0
HP,23,-1776184.0,-907502.0
HP,24,631361.0,31560.0
HP,25,341299.0,42922.0
HP,26,838718.0,846172.0
HP,27,-685215.0,-321171.0
HP,28,235879.0,127003.0
HP,29,208385.0,106633.0
HP,30,-535189.0,-467366.0
HP,31,1536710.0,707638.0
HP,32,298810.0,101194.0
HP,33,211807.0,114066.0
HP,34,31537.0,20157.0
HP,35,-1243094.0,-366520.0
HP,36,-4249849.0,-1382592.0
HP,37,0.0,0.0
HP,38,60848.0,0.0
HP,39,4272357.0,1406662.0
HP,40,-4333205.0,-1406662.0
HP,41,0.0,0.0
HP,42,0.0,0.0
HP,43,2141030.0,435644.0
HP,44,2306588.0,993444.0
HP,47,-3507447.0,-1318039.0
HP,48,3658127.0,1347199.0
HR,0,9408863.0,2537759.0
HR,1,-9406999.0,-2537759.0
HR,2,41486.0,0.0
HR,3,51793.0,0.0
HR,4,4929857.0,1004937.0
HR,5,4516597.0,1597329.0
HR,6,-9337465.0,-2583013.0
HR,7,13841.0,42413.0
HR,8,4876742.0,947989.0
HR,9,4557713.0,1657467.0
HR,10,-8930997.0,-2538907.0
HR,11,368204.0,14043.0
HR,12,203675.0,5697.0
HR,13,8427810.0,2564285.0
HR,14,-7014876.0,-2395858.0
HR,15,325976.0,154159.0
HR,16,166874.0,88801.0
HR,17,6593814.0,2196158.0
HR,18,-5815513.0,-1839147.0
HR,19,434462.0,29461.0
HR,20,404594.0,42523.0
HR,21,76806.0,7607.0
HR,22,4973213.0,1792016.0
HR,23,-3685559.0,-1641830.0
HR,24,951790.0,151909.0
HR,25,300912.0,125026.0
HR,26,2518708.0,1419418.0
HR,27,-1438304.0,-847278.0
HR,28,281337.0,192072.0
HR,29,523463.0,318346.0
HR,30,-1327811.0,-838319.0
HR,31,2501100.0,1524201.0
HR,32,659195.0,332413.0
HR,33,935394.0,516697.0
HR,34,167407.0,83678.0
HR,35,-2167271.0,-1200743.0
HR,36,-10086831.0,-2923550.0
HR,37,0.0,0.0
HR,38,163807.0,0.0
HR,39,9984361.0,2974181.0
HR,40,-10148168.0,-2974181.0
HR,41,0.0,0.0
HR,42,0.0,0.0
HR,43,5608575.0,1055505.0
HR,44,4582236.0,1947680.0
HR,47,-7883272.0,-2784890.0
HR,48,7969609.0,2842330.0
JH,0,7883243.0,1834945.0
JH,1,-7882899.0,-1834945.0
JH,2,3773.0,0.0
JH,3,27360.0,0.0
JH,4,3513758.0,721185.0
JH,5,4390035.0,1136279.0
JH,6,-7675724.0,-1845881.0
JH,7,30135.0,12174.0
JH,8,3290483.0,702437.0
JH,9,4411939.0,1155401.0
JH,10,-7291367.0,-1673246.0
JH,11,649138.0,33757.0
JH,12,43182.0,6422.0
JH,13,6647084.0,1649822.0
JH,14,-5646365.0,-1558661.0
JH,15,157007.0,74550.0
JH,16,85211.0,63893.0
JH,17,5453645.0,1437519.0
JH,18,-5212642.0,-1251149.0
JH,19,323837.0,12200.0
JH,20,223532.0,23200.0
JH,21,59928.0,10157.0
JH,22,4675310.0,1224206.0
JH,23,-3397270.0,-1040460.0
JH,24,774200.0,117535.0
JH,25,253351.0,52918.0
JH,26,2467809.0,896280.0
JH,27,-1462801.0,-476544.0
JH,28,325369.0,124553.0
JH,29,656480.0,204476.0
JH,30,-1475222.0,-564973.0
JH,31,2496402.0,886881.0
JH,32,483948.0,169911.0
JH,33,661499.0,193521.0
JH,34,390586.0,115342.0
JH,35,-1951674.0,-617691.0
JH,36,-8382280.0,-1996014.0
JH,37,0.0,0.0
JH,38,152985.0,0.0
JH,39,8290842.0,2017736.0
JH,40,-8443827.0,-2017736.0
JH,41,0.0,0.0
JH,42,0.0,0.0
JH,43,4123823.0,773085.0
JH,44,4434892.0,1276411.0
JH,47,-6431670.0,-1747385.0
JH,48,6511421.0,1777074.0
JK,0,4980566.0,1324148.0
JK,1,-4980119.0,-1324148.0
JK,2,5221.0,0.0
JK,3,15593.0,0.0
JK,4,2792643.0,553678.0
JK,5,2215270.0,802178.0
JK,6,-4843077.0,-1349598.0
JK,7,36289.0,9429.0
JK,8,2619030.0,541519.0
JK,9,2229605.0,822335.0
JK,10,-4601140.0,-1268440.0
JK,11,113114.0,34887.0
JK,12,44956.0,8995.0
JK,13,4466452.0,1237412.0
JK,14,-3735798.0,-1162012.0
JK,15,332605.0,75128.0
JK,16,283709.0,67619.0
JK,17,3161692.0,1040379.0
JK,18,-2823286.0,-880523.0
JK,19,104859.0,4427.0
JK,20,281672.0,5436.0
JK,21,55005.0,3292.0
JK,22,2420399.0,881980.0
JK,23,-1823569.0,-826095.0
JK,24,291914.0,37027.0
JK,25,201100.0,41777.0
JK,26,1389842.0,774686.0
JK,27,-721616.0,-486198.0
JK,28,174117.0,164160.0
JK,29,219244.0,175570.0
JK,30,-652642.0,-498789.0
JK,31,1292577.0,763173.0
JK,32,218555.0,87435.0
JK,33,260546.0,107019.0
JK,34,225036.0,80012.0
JK,35,-931848.0,-358072.0
JK,36,-5318516.0,-1489826.0
JK,37,0.0,0.0
JK,38,65779.0,0.0
JK,39,5303564.0,1508027.0
JK,40,-5369343.0,-1508027.0
JK,41,0.0,0.0
JK,42,0.0,0.0
JK,43,3036734.0,580075.0
JK,44,2369348.0,939993.0
JK,47,-4215620.0,-1320459.0
JK,48,4272413.0,1341856.0
KA,0,24087131.0,6577631.0
KA,1,-24083321.0,-6577631.0
KA,2,80775.0,0.0
KA,3,161853.0,0.0
KA,4,11117123.0,2791149.0
KA,5,13220284.0,4021164.0
KA,6,-24037066.0,-6695232.0
KA,7,64556.0,104609.0
KA,8,10985325.0,2589356.0
KA,9,13192650.0,4089411.0
KA,10,-22790318.0,-6503936.0
KA,11,856080.0,46189.0
KA,12,391527.0,19863.0
KA,13,21714447.0,6534026.0
KA,14,-18511927.0,-6253833.0
KA,15,989996.0,410957.0
KA,16,651802.0,397799.0
KA,17,16969114.0,5513428.0
KA,18,-16132827.0,-4567698.0
KA,19,480735.0,119400.0
KA,20,1217660.0,104379.0
KA,21,304088.0,32672.0
KA,22,14260155.0,4406181.0
KA,23,-9984457.0,-3943879.0
KA,24,2883750.0,317149.0
KA,25,883904.0,206221.0
KA,26,6495879.0,3556363.0
KA,27,-3517741.0,-2035699.0
KA,28,934464.0,642256.0
KA,29,956340.0,626938.0
KA,30,-3347390.0,-2082010.0
KA,31,6167739.0,3390168.0
KA,32,1524042.0,734216.0
KA,33,2636633.0,1334303.0
KA,34,1229756.0,454462.0
KA,35,-6205070.0,-2927520.0
KA,36,-25847691.0,-7432852.0
KA,37,0.0,0.0
KA,38,403105.0,0.0
KA,39,25580550.0,7507926.0
KA,40,-25983655.0,-7507926.0
KA,41,0.0,0.0
KA,42,0.0,0.0
KA,43,13599544.0,2980825.0
KA,44,12586819.0,4628407.0
KA,47,-20372358.0,-7016086.0
KA,48,20452011.0,7069793.0
KL,0,14284456.0,6085040.0
KL,1,-14282775.0,-6085040.0
KL,2,20263.0,0.0
KL,3,112281.0,0.0
KL,4,7451335.0,2103689.0
KL,5,6981022.0,4049952.0
KL,6,-14159854.0,-6114808.0
KL,7,82385.0,65387.0
KL,8,7241876.0,2015079.0
KL,9,7073338.0,4084447.0
KL,10,-13371425.0,-5853158.0
KL,11,467076.0,38955.0
KL,12,252621.0,14192.0
KL,13,12730116.0,5828013.0
KL,14,-9724124.0,-5557791.0
KL,15,630273.0,365230.0
KL,16,262486.0,286397.0
KL,17,8982427.0,4944008.0
KL,18,-8607456.0,-4277949.0
KL,19,197444.0,28874.0
KL,20,546842.0,24247.0
KL,21,174534.0,23818.0
KL,22,7886308.0,4260365.0
KL,23,-5554545.0,-3902649.0
KL,24,829185.0,550951.0
KL,25,335425.0,276963.0
KL,26,4575320.0,3111383.0
KL,27,-3427147.0,-1704797.0
KL,28,887317.0,926404.0
KL,29,1234251.0,466643.0
KL,30,-2718133.0,-2225553.0
KL,31,5888569.0,2829521.0
KL,32,1593784.0,203595.0
KL,33,1621420.0,592298.0
KL,34,789571.0,351844.0
KL,35,-5615719.0,-1378566.0
KL,36,-15670747.0,-6426984.0
KL,37,0.0,0.0
KL,38,306802.0,0.0
KL,39,15450587.0,6442445.0
KL,40,-15757389.0,-6442445.0
KL,41,0.0,0.0
KL,42,0.0,0.0
KL,43,8879020.0,2223799.0
KL,44,7103402.0,4237567.0
KL,47,-11410898.0,-5934875.0
KL,48,11765615.0,5987748.0
LA,0,187393.0,67654.0
LA,1,-187384.0,-67654.0
LA,2,321.0,0.0
LA,3,629.0,0.0
LA,4,129680.0,37295.0
LA,5,56963.0,30841.0
LA,6,-181819.0,-67536.0
LA,7,3629.0,329.0
LA,8,124683.0,36371.0
LA,9,53655.0,31151.0
LA,10,-149431.0,-63180.0
LA,11,1399.0,1382.0
LA,12,221.0,153.0
LA,13,147920.0,61956.0
LA,14,-120702.0,-58100.0
LA,15,4557.0,14163.0
LA,16,2857.0,8770.0
LA,17,113431.0,35443.0
LA,18,-101357.0,-31786.0
LA,19,8160.0,7.0
LA,20,22031.0,20.0
LA,21,5370.0,11.0
LA,22,66020.0,32035.0
LA,23,-26417.0,-31848.0
LA,24,6862.0,9816.0
LA,25,2229.0,8608.0
LA,26,17526.0,14058.0
LA,27,-3456.0,-7790.0
LA,28,800.0,1102.0
LA,29,1311.0,4375.0
LA,30,-7907.0,-7231.0
LA,31,10361.0,12410.0
LA,32,867.0,4263.0
LA,33,2354.0,19338.0
LA,34,930.0,5564.0
LA,35,-4987.0,-31653.0
LA,36,-188699.0,-70337.0
LA,37,0.0,0.0
LA,38,2379.0,0.0
LA,39,186491.0,70778.0
LA,40,-188870.0,-70778.0
LA,41,0.0,0.0
LA,42,0.0,0.0
LA,43,151780.0,37363.0
LA,44,37300.0,33876.0
LA,47,-122965.0,-62746.0
LA,48,123145.0,63178.0
LD,0,50405.0,16001.0
LD,1,-50389.0,-16001.0
LD,2,718.0,0.0
LD,3,73.0,0.0
LD,4,27408.0,6952.0
LD,5,22269.0,9206.0
LD,6,-48795.0,-16077.0
LD,7,135.0,26.0
LD,8,27427.0,6848.0
LD,9,21260.0,9296.0
LD,10,-46883.0,-14764.0
LD,11,539.0,194.0
LD,12,392.0,115.0
LD,13,46037.0,14640.0
LD,14,-36435.0,-13452.0
LD,15,3092.0,785.0
LD,16,1635.0,367.0
LD,17,31780.0,12449.0
LD,18,-29216.0,-9779.0
LD,19,1654.0,115.0
LD,20,2086.0,23.0
LD,21,1495.0,5.0
LD,22,24085.0,9770.0
LD,23,-6646.0,-9561.0
LD,24,2127.0,325.0
LD,25,526.0,438.0
LD,26,4072.0,8940.0
LD,27,-1905.0,-3851.0
LD,28,692.0,1432.0
LD,29,600.0,1529.0
LD,30,-2521.0,-5844.0
LD,31,3961.0,7748.0
LD,32,292.0,1323.0
LD,33,487.0,3311.0
LD,34,141.0,1304.0
LD,35,-1442.0,-6674.0
LD,36,-51156.0,-17139.0
LD,37,0.0,0.0
LD,38,1312.0,0.0
LD,39,49983.0,17294.0
LD,40,-51295.0,-17294.0
LD,41,0.0,0.0
LD,42,0.0,0.0
LD,43,37701.0,7053.0
LD,44,13789.0,10393.0
LD,47,-40351.0,-14794.0
LD,48,40404.0,14897.0
MH,0,33439833.0,11231229.0
MH,1,-33434107.0,-11231229.0
MH,2,63569.0,0.0
MH,3,164398.0,0.0
MH,4,18191690.0,4651863.0
MH,5,15224306.0,6701786.0
MH,6,-32781445.0,-11308235.0
MH,7,160121.0,113244.0
MH,8,17594767.0,4521055.0
MH,9,15172365.0,6769302.0
MH,10,-30846911.0,-10859759.0
MH,11,1073250.0,128956.0
MH,12,366109.0,31146.0
MH,13,29551548.0,10785873.0
MH,14,-23089665.0,-10246088.0
MH,15,1477489.0,613961.0
MH,16,1236288.0,719306.0
MH,17,20690135.0,9116700.0
MH,18,-18547140.0,-7532560.0
MH,19,627526.0,181306.0
MH,20,1375447.0,133559.0
MH,21,307312.0,48328.0
MH,22,16513722.0,7276321.0
MH,23,-12396118.0,-6363845.0
MH,24,2912137.0,503333.0
MH,25,1021117.0,386273.0
MH,26,8671025.0,5575379.0
MH,27,-4399690.0,-2904437.0
MH,28,1017462.0,801039.0
MH,29,1811093.0,1348164.0
MH,30,-4917467.0,-3669325.0
MH,31,8133182.0,5291047.0
MH,32,2609095.0,1195685.0
MH,33,2669832.0,1367377.0
MH,34,1403459.0,619790.0
MH,35,-8024922.0,-3883990.0
MH,36,-35040812.0,-12112554.0
MH,37,0.0,0.0
MH,38,544726.0,0.0
MH,39,34696420.0,12239245.0
MH,40,-35241146.0,-12239245.0
MH,41,0.0,0.0
MH,42,0.0,0.0
MH,43,20443246.0,5117535.0
MH,44,14977658.0,7208457.0
MH,47,-25901089.0,-11317388.0
MH,48,26034901.0,11374655.0
ML,0,890971.0,198457.0
ML,1,-890869.0,-198457.0
ML,2,607.0,0.0
ML,3,2361.0,0.0
ML,4,392113.0,74400.0
ML,5,503228.0,128364.0
ML,6,-868983.0,-201081.0
ML,7,10786.0,1923.0
ML,8,357236.0,70828.0
ML,9,508642.0,132836.0
ML,10,-838148.0,-185760.0
ML,11,10160.0,10000.0
ML,12,3697.0,1836.0
ML,13,830221.0,178292.0
ML,14,-786497.0,-167688.0
ML,15,32140.0,7907.0
ML,16,72799.0,8059.0
ML,17,689360.0,156836.0
ML,18,-593062.0,-142691.0
ML,19,33455.0,92.0
ML,20,29111.0,168.0
ML,21,2022.0,19.0
ML,22,535997.0,147440.0
ML,23,-412512.0,-146709.0
ML,24,72202.0,1434.0
ML,25,32695.0,2976.0
ML,26,312681.0,146824.0
ML,27,-155011.0,-106558.0
ML,28,58666.0,44507.0
ML,29,52216.0,34162.0
ML,30,-192141.0,-104596.0
ML,31,272657.0,163539.0
ML,32,29976.0,25109.0
ML,33,21414.0,21230.0
ML,34,5404.0,5556.0
ML,35,-87022.0,-77272.0
ML,36,-938572.0,-231982.0
ML,37,0.0,0.0
ML,38,8557.0,0.0
ML,39,937502.0,238490.0
ML,40,-946059.0,-238490.0
ML,41,0.0,0.0
ML,42,0.0,0.0
ML,43,417634.0,74662.0
ML,44,534158.0,168491.0
ML,47,-844232.0,-204115.0
ML,48,851690.0,209074.0
MN,0,1114724.0,206006.0
MN,1,-1114543.0,-206006.0
MN,2,916.0,0.0
MN,3,1836.0,0.0
MN,4,396339.0,70628.0
MN,5,722987.0,141623.0
MN,6,-1084736.0,-210897.0
MN,7,10789.0,899.0
MN,8,353526.0,68458.0
MN,9,726658.0,146064.0
MN,10,-1052900.0,-197147.0
MN,11,5835.0,10125.0
MN,12,886.0,1226.0
MN,13,1052968.0,191893.0
MN,14,-1033169.0,-172862.0
MN,15,22321.0,5755.0
MN,16,64517.0,5389.0
MN,17,950482.0,165650.0
MN,18,-832162.0,-157079.0
MN,19,36438.0,341.0
MN,20,36977.0,270.0
MN,21,6804.0,109.0
MN,22,758587.0,162830.0
MN,23,-653027.0,-161132.0
MN,24,37679.0,925.0
MN,25,50377.0,1070.0
MN,26,569773.0,164322.0
MN,27,-227830.0,-134443.0
MN,28,106194.0,53225.0
MN,29,79047.0,48176.0
MN,30,-349456.0,-123131.0
MN,31,415049.0,184063.0
MN,32,8315.0,30683.0
MN,33,8359.0,30906.0
MN,34,3899.0,9755.0
MN,35,-35035.0,-91000.0
MN,36,-1159424.0,-246694.0
MN,37,0.0,0.0
MN,38,12509.0,0.0
MN,39,1150705.0,251068.0
MN,40,-1163214.0,-251068.0
MN,41,0.0,0.0
MN,42,0.0,0.0
MN,43,463768.0,71411.0
MN,44,703552.0,185859.0
MN,47,-1074801.0,-212109.0
MN,48,1077342.0,215862.0
MP,0,27049238.0,5178250.0
MP,1,-27039803.0,-5178250.0
MP,2,28993.0,0.0
MP,3,246354.0,0.0
MP,4,9395305.0,1801340.0
MP,5,18075755.0,3488541.0
MP,6,-27124205.0,-5286072.0
MP,7,13079.0,155853.0
MP,8,9396510.0,1652606.0
MP,9,17824978.0,3491092.0
MP,10,-26082199.0,-4847254.0
MP,11,762733.0,40898.0
MP,12,143986.0,10956.0
MP,13,25607070.0,4891864.0
MP,14,-21750877.0,-4642569.0
MP,15,395867.0,195346.0
MP,16,80476.0,103895.0
MP,17,21624059.0,4452738.0
MP,18,-21174478.0,-3818528.0
MP,19,554907.0,62412.0
MP,20,1070688.0,31114.0
MP,21,279614.0,8037.0
MP,22,19341568.0,3726970.0
MP,23,-15755375.0,-3464630.0
MP,24,4480236.0,302148.0
MP,25,473303.0,39619.0
MP,26,11293491.0,3245399.0
MP,27,-8043116.0,-1627811.0
MP,28,2118982.0,534334.0
MP,29,3543073.0,620699.0
MP,30,-7289729.0,-1500056.0
MP,31,12124154.0,2424687.0
MP,32,1884908.0,489443.0
MP,33,3942750.0,1315585.0
MP,34,797459.0,332325.0
MP,35,-8566718.0,-2497341.0
MP,36,-29723036.0,-5733640.0
MP,37,0.0,0.0
MP,38,427715.0,0.0
MP,39,29375770.0,5750193.0
MP,40,-29803485.0,-5750193.0
MP,41,0.0,0.0
MP,42,0.0,0.0
MP,43,11899138.0,1897696.0
MP,44,18425730.0,3932145.0
MP,47,-24721694.0,-5188490.0
MP,48,25246253.0,5280146.0
MZ,0,643917.0,197039.0
MZ,1,-643812.0,-197039.0
MZ,2,1765.0,0.0
MZ,3,6107.0,0.0
MZ,4,257613.0,51152.0
MZ,5,379364.0,147009.0
MZ,6,-630270.0,-195927.0
MZ,7,7238.0,3398.0
MZ,8,245106.0,45539.0
MZ,9,378798.0,147755.0
MZ,10,-593334.0,-186795.0
MZ,11,3005.0,1460.0
MZ,12,464.0,629.0
MZ,13,591090.0,185815.0
MZ,14,-524877.0,-168347.0
MZ,15,48591.0,8657.0
MZ,16,40569.0,4388.0
MZ,17,437514.0,157001.0
MZ,18,-410031.0,-150767.0
MZ,19,13384.0,16.0
MZ,20,10096.0,104.0
MZ,21,1831.0,30.0
MZ,22,387300.0,152929.0
MZ,23,-275393.0,-151392.0
MZ,24,121106.0,586.0
MZ,25,21538.0,1129.0
MZ,26,134635.0,150583.0
MZ,27,-44028.0,-77444.0
MZ,28,17275.0,44035.0
MZ,29,12488.0,25407.0
MZ,30,-66644.0,-119739.0
MZ,31,87704.0,140480.0
MZ,32,5657.0,8308.0
MZ,33,3816.0,8013.0
MZ,34,691.0,3462.0
MZ,35,-15327.0,-30701.0
MZ,36,-654946.0,-206773.0
MZ,37,0.0,0.0
MZ,38,9642.0,0.0
MZ,39,646219.0,209071.0
MZ,40,-655861.0,-209071.0
MZ,41,0.0,0.0
MZ,42,0.0,0.0
MZ,43,290926.0,52035.0
MZ,44,366265.0,159902.0
MZ,47,-576370.0,-188073.0
MZ,48,577692.0,191395.0
NL,0,617873.0,149737.0
NL,1,-617779.0,-149737.0
NL,2,1480.0,0.0
NL,3,1955.0,0.0
NL,4,221640.0,51993.0
NL,5,395754.0,99395.0
NL,6,-601122.0,-147950.0
NL,7,7607.0,1562.0
NL,8,200380.0,47008.0
NL,9,395518.0,100753.0
NL,10,-576928.0,-137744.0
NL,11,8497.0,5999.0
NL,12,4104.0,1702.0
NL,13,566586.0,131290.0
NL,14,-517038.0,-123481.0
NL,15,28724.0,4520.0
NL,16,21351.0,5168.0
NL,17,468544.0,115090.0
NL,18,-445092.0,-103528.0
NL,19,13437.0,78.0
NL,20,15068.0,75.0
NL,21,6419.0,14.0
NL,22,412144.0,104445.0
NL,23,-287148.0,-103341.0
NL,24,61613.0,1803.0
NL,25,36757.0,5023.0
NL,26,189474.0,97103.0
NL,27,-84806.0,-44139.0
NL,28,47226.0,22436.0
NL,29,23702.0,13892.0
NL,30,-123220.0,-66514.0
NL,31,146659.0,85288.0
NL,32,6811.0,12323.0
NL,33,6264.0,14231.0
NL,34,2583.0,7404.0
NL,35,-22917.0,-42510.0
NL,36,-632120.0,-159388.0
NL,37,0.0,0.0
NL,38,6606.0,0.0
NL,39,627727.0,162612.0
NL,40,-634333.0,-162612.0
NL,41,0.0,0.0
NL,42,0.0,0.0
NL,43,277015.0,52345.0
NL,44,359270.0,112109.0
NL,47,-549952.0,-136854.0
NL,48,550873.0,138337.0
OR,0,12717390.0,3919581.0
OR,1,-12713970.0,-3919581.0
OR,2,85672.0,0.0
OR,3,69237.0,0.0
OR,4,6390783.0,1486881.0
OR,5,6319531.0,2472737.0
OR,6,-12449391.0,-3889077.0
OR,7,21283.0,62750.0
OR,8,6178601.0,1358271.0
OR,9,6432925.0,2510378.0
OR,10,-11739955.0,-3678689.0
OR,11,430553.0,26073.0
OR,12,151031.0,17497.0
OR,13,11314725.0,3674676.0
OR,14,-8947482.0,-3438461.0
OR,15,472720.0,190291.0
OR,16,194545.0,135171.0
OR,17,8476091.0,3151093.0
OR,18,-8148046.0,-2674214.0
OR,19,403780.0,35874.0
OR,20,578266.0,29373.0
OR,21,142418.0,6467.0
OR,22,7214298.0,2641489.0
OR,23,-5575771.0,-2311907.0
OR,24,1497362.0,215934.0
OR,25,351502.0,125633.0
OR,26,3858987.0,2002032.0
OR,27,-2537436.0,-1078370.0
OR,28,597235.0,536092.0
OR,29,796722.0,307479.0
OR,30,-1960487.0,-1263519.0
OR,31,4386538.0,1822970.0
OR,32,657846.0,359063.0
OR,33,833829.0,422063.0
OR,34,381484.0,166773.0
OR,35,-2928224.0,-1222729.0
OR,36,-13954592.0,-4200094.0
OR,37,0.0,0.0
OR,38,316166.0,0.0
OR,39,13889131.0,4263742.0
OR,40,-14205297.0,-4263742.0
OR,41,0.0,0.0
OR,42,0.0,0.0
OR,43,7298756.0,1607041.0
OR,44,7107471.0,2704122.0
OR,47,-10566494.0,-3799105.0
OR,48,10742383.0,3840125.0
PB,0,7596875.0,2017835.0
PB,1,-7596536.0,-2017835.0
PB,2,16180.0,0.0
PB,3,29129.0,0.0
PB,4,3886581.0,779932.0
PB,5,3709563.0,1270245.0
PB,6,-7525084.0,-2037886.0
PB,7,32491.0,20203.0
PB,8,3815989.0,751557.0
PB,9,3717960.0,1291268.0
PB,10,-7237540.0,-1990557.0
PB,11,207963.0,16206.0
PB,12,129096.0,8574.0
PB,13,6922443.0,1980324.0
PB,14,-5559420.0,-1799645.0
PB,15,470970.0,17386.0
PB,16,352228.0,117585.0
PB,17,4757391.0,1675889.0
PB,18,-4237380.0,-1394814.0
PB,19,154749.0,20148.0
PB,20,163373.0,35310.0
PB,21,61780.0,8736.0
PB,22,3874808.0,1340184.0
PB,23,-3208178.0,-1260552.0
PB,24,611485.0,117069.0
PB,25,142891.0,35509.0
PB,26,2571288.0,1200251.0
PB,27,-1375641.0,-652482.0
PB,28,234134.0,199921.0
PB,29,472618.0,212914.0
PB,30,-1197688.0,-639928.0
PB,31,2411501.0,1195286.0
PB,32,870625.0,360015.0
PB,33,751987.0,277096.0
PB,34,267862.0,99727.0
PB,35,-2290857.0,-969842.0
PB,36,-8005636.0,-2285629.0
PB,37,0.0,0.0
PB,38,80350.0,0.0
PB,39,7952478.0,2303270.0
PB,40,-8032828.0,-2303270.0
PB,41,0.0,0.0
PB,42,0.0,0.0
PB,43,4309836.0,813372.0
PB,44,3820323.0,1545781.0
PB,47,-6353466.0,-2197164.0
PB,48,6410447.0,2232883.0
PY,0,574646.0,145713.0
PY,1,-574554.0,-145713.0
PY,2,721.0,0.0
PY,3,1256.0,0.0
PY,4,222581.0,51402.0
PY,5,353305.0,95111.0
PY,6,-568972.0,-145706.0
PY,7,1066.0,398.0
PY,8,217798.0,50275.0
PY,9,353384.0,95830.0
PY,10,-542942.0,-141893.0
PY,11,17829.0,942.0
PY,12,9131.0,431.0
PY,13,519899.0,141269.0
PY,14,-435029.0,-82344.0
PY,15,11770.0,-45811.0
PY,16,7599.0,8472.0
PY,17,419183.0,120405.0
PY,18,-405633.0,-98326.0
PY,19,10720.0,405.0
PY,20,18689.0,287.0
PY,21,5630.0,104.0
PY,22,374169.0,98310.0
PY,23,-238060.0,-93618.0
PY,24,62436.0,6926.0
PY,25,23741.0,4236.0
PY,26,155971.0,83375.0
PY,27,-78432.0,-22640.0
PY,28,27745.0,10740.0
PY,29,26086.0,6912.0
PY,30,-100851.0,-49849.0
PY,31,145396.0,61593.0
PY,32,8618.0,8427.0
PY,33,10248.0,13916.0
PY,34,4645.0,6136.0
PY,35,-38198.0,-33944.0
PY,36,-601591.0,-151771.0
PY,37,0.0,0.0
PY,38,4135.0,0.0
PY,39,600695.0,152667.0
PY,40,-604830.0,-152667.0
PY,41,0.0,0.0
PY,42,0.0,0.0
PY,43,264921.0,52641.0
PY,44,342698.0,100750.0
PY,47,-503336.0,-143049.0
PY,48,505812.0,144115.0
RJ,0,25283749.0,7530618.0
RJ,1,-25280464.0,-7530618.0
RJ,2,44630.0,0.0
RJ,3,260008.0,0.0
RJ,4,13782170.0,3150621.0
RJ,5,11460083.0,4596796.0
RJ,6,-24776938.0,-7710592.0
RJ,7,16240.0,184117.0
RJ,8,13379898.0,2943841.0
RJ,9,11592078.0,4697969.0
RJ,10,-22280891.0,-7229513.0
RJ,11,1112215.0,27122.0
RJ,12,191296.0,40866.0
RJ,13,21221839.0,7252523.0
RJ,14,-16675260.0,-6588148.0
RJ,15,967612.0,543249.0
RJ,16,498890.0,315942.0
RJ,17,15372238.0,5804176.0
RJ,18,-14017990.0,-5044890.0
RJ,19,767046.0,41975.0
RJ,20,750240.0,65050.0
RJ,21,231476.0,25062.0
RJ,22,12574241.0,5029730.0
RJ,23,-8994628.0,-4756405.0
RJ,24,2710837.0,407036.0
RJ,25,559880.0,184024.0
RJ,26,5960252.0,4263570.0
RJ,27,-3885415.0,-2729471.0
RJ,28,1095512.0,763765.0
RJ,29,1051523.0,1218175.0
RJ,30,-3397288.0,-2948766.0
RJ,31,6956703.0,4435735.0
RJ,32,1587357.0,628356.0
RJ,33,2164554.0,751674.0
RJ,34,1608638.0,537760.0
RJ,35,-6883725.0,-2526293.0
RJ,36,-27008606.0,-8375056.0
RJ,37,0.0,0.0
RJ,38,534459.0,0.0
RJ,39,26676730.0,8463958.0
RJ,40,-27211189.0,-8463958.0
RJ,41,0.0,0.0
RJ,42,0.0,0.0
RJ,43,15970989.0,3321737.0
RJ,44,11448241.0,5230913.0
RJ,47,-18660479.0,-7387025.0
RJ,48,18932670.0,7501004.0
SK,0,491205.0,148122.0
SK,1,-491198.0,-148122.0
SK,2,292.0,0.0
SK,3,1408.0,0.0
SK,4,177776.0,59691.0
SK,5,313870.0,89132.0
SK,6,-481131.0,-148124.0
SK,7,5425.0,766.0
SK,8,162011.0,58232.0
SK,9,314431.0,89790.0
SK,10,-442470.0,-139373.0
SK,11,8783.0,2809.0
SK,12,1180.0,297.0
SK,13,433322.0,136638.0
SK,14,-355510.0,-129129.0
SK,15,14185.0,11141.0
SK,16,7504.0,11013.0
SK,17,334852.0,107402.0
SK,18,-329732.0,-90691.0
SK,19,8463.0,43.0
SK,20,4572.0,16.0
SK,21,84.0,8.0
SK,22,317599.0,90958.0
SK,23,-198199.0,-90708.0
SK,24,72812.0,1686.0
SK,25,29972.0,10707.0
SK,26,95648.0,78439.0
SK,27,-32771.0,-14644.0
SK,28,17658.0,8405.0
SK,29,8597.0,3601.0
SK,30,-53904.0,-38064.0
SK,31,64095.0,48001.0
SK,32,2651.0,6477.0
SK,33,2155.0,2232.0
SK,34,639.0,713.0
SK,35,-8423.0,-15926.0
SK,36,-497851.0,-151538.0
SK,37,0.0,0.0
SK,38,7478.0,0.0
SK,39,491103.0,152571.0
SK,40,-498581.0,-152571.0
SK,41,0.0,0.0
SK,42,0.0,0.0
SK,43,205177.0,59791.0
SK,44,294055.0,94303.0
SK,47,-389346.0,-138149.0
SK,48,389914.0,139338.0
TG,0,11349272.0,3492455.0
TG,1,-11348807.0,-3492455.0
TG,2,25718.0,0.0
TG,3,68817.0,0.0
TG,4,4852737.0,1279186.0
TG,5,6443635.0,2289546.0
TG,6,-11113855.0,-3489070.0
TG,7,13908.0,48002.0
TG,8,4742230.0,1159455.0
TG,9,6403347.0,2355095.0
TG,10,-10837663.0,-3422371.0
TG,11,185426.0,10709.0
TG,12,73633.0,5049.0
TG,13,10587699.0,3414174.0
TG,14,-8861133.0,-3282494.0
TG,15,915083.0,136500.0
TG,16,651715.0,124641.0
TG,17,7333664.0,3123868.0
TG,18,-7034887.0,-2688580.0
TG,19,6165.0,9671.0
TG,20,216069.0,171938.0
TG,21,129958.0,16760.0
TG,22,6745552.0,2566632.0
TG,23,-3863972.0,-2443312.0
TG,24,1165899.0,91356.0
TG,25,643514.0,100936.0
TG,26,2095763.0,2316087.0
TG,27,-721196.0,-1494424.0
TG,28,201798.0,541368.0
TG,29,179850.0,542890.0
TG,30,-1000397.0,-1626970.0
TG,31,1824147.0,2295472.0
TG,32,494330.0,142152.0
TG,33,568727.0,222701.0
TG,34,232277.0,113012.0
TG,35,-1719755.0,-664355.0
TG,36,-11649268.0,-3965624.0
TG,37,0.0,0.0
TG,38,186195.0,0.0
TG,39,11516236.0,4018865.0
TG,40,-11702431.0,-4018865.0
TG,41,0.0,0.0
TG,42,0.0,0.0
TG,43,6279779.0,1336361.0
TG,44,5466475.0,2689008.0
TG,47,-9763681.0,-3715902.0
TG,48,9839597.0,3772429.0
TN,0,19063195.0,4240379.0
TN,1,-19062025.0,-4240379.0
TN,2,29957.0,0.0
TN,3,45807.0,0.0
TN,4,7209910.0,2062327.0
TN,5,12034858.0,2238707.0
TN,6,-19065784.0,-4287079.0
TN,7,28722.0,21371.0
TN,8,7261070.0,2039605.0
TN,9,12002191.0,2280807.0
TN,10,-17798464.0,-4173103.0
TN,11,642748.0,46826.0
TN,12,246659.0,23549.0
TN,13,17122098.0,4185317.0
TN,14,-15697299.0,-3832926.0
TN,15,313018.0,345853.0
TN,16,258423.0,360718.0
TN,17,15363653.0,3184855.0
TN,18,-14835903.0,-2585595.0
TN,19,251669.0,50630.0
TN,20,1367236.0,51170.0
TN,21,281368.0,19715.0
TN,22,13192026.0,2530534.0
TN,23,-10016729.0,-2302771.0
TN,24,2181657.0,209470.0
TN,25,652746.0,99298.0
TN,26,7434818.0,2049253.0
TN,27,-4582916.0,-1160955.0
TN,28,1319775.0,325693.0
TN,29,1591118.0,417321.0
TN,30,-4472414.0,-1321111.0
TN,31,7384921.0,2019896.0
TN,32,1301325.0,451581.0
TN,33,2011524.0,838557.0
TN,34,1061693.0,325436.0
TN,35,-5285977.0,-1828915.0
TN,36,-20836674.0,-4686034.0
TN,37,0.0,0.0
TN,38,162412.0,0.0
TN,39,20842465.0,4733229.0
TN,40,-21004877.0,-4733229.0
TN,41,0.0,0.0
TN,42,0.0,0.0
TN,43,8215741.0,2124417.0
TN,44,12923812.0,2638295.0
TN,47,-17690263.0,-4331774.0
TN,48,17802815.0,4358215.0
TR,0,2378296.0,785844.0
TR,1,-2378189.0,-785844.0
TR,2,3242.0,0.0
TR,3,17993.0,0.0
TR,4,1089372.0,507776.0
TR,5,1272910.0,281071.0
TR,6,-2302749.0,-777433.0
TR,7,7214.0,9588.0
TR,8,1028679.0,486850.0
TR,9,1272312.0,283820.0
TR,10,-2140074.0,-724987.0
TR,11,303750.0,8267.0
TR,12,46753.0,2444.0
TR,13,1793553.0,716179.0
TR,14,-1626854.0,-679599.0
TR,15,54367.0,77270.0
TR,16,78036.0,146904.0
TR,17,1497887.0,457697.0
TR,18,-1410968.0,-289186.0
TR,19,59022.0,334.0
TR,20,36084.0,578.0
TR,21,22477.0,98.0
TR,22,1298981.0,290370.0
TR,23,-1018297.0,-260972.0
TR,24,510210.0,36598.0
TR,25,61922.0,20747.0
TR,26,449361.0,205695.0
TR,27,-264955.0,-107906.0
TR,28,69473.0,49589.0
TR,29,150211.0,43390.0
TR,30,-328560.0,-154029.0
TR,31,402238.0,195633.0
TR,32,12033.0,19823.0
TR,33,12105.0,31805.0
TR,34,2783.0,7213.0
TR,35,-49423.0,-81528.0
TR,36,-2411195.0,-804099.0
TR,37,0.0,0.0
TR,38,45158.0,0.0
TR,39,2371315.0,808357.0
TR,40,-2416473.0,-808357.0
TR,41,0.0,0.0
TR,42,0.0,0.0
TR,43,1143222.0,509166.0
TR,44,1277164.0,303213.0
TR,47,-1682733.0,-717222.0
TR,48,1687486.0,722111.0
UP,0,40646488.0,7795967.0
UP,1,-40644276.0,-7795967.0
UP,2,28432.0,0.0
UP,3,402396.0,0.0
UP,4,15079568.0,3533016.0
UP,5,25442253.0,4332433.0
UP,6,-39818271.0,-7765178.0
UP,7,144485.0,287282.0
UP,8,14594060.0,3174220.0
UP,9,27550322.0,4502079.0
UP,10,-40122257.0,-7168492.0
UP,11,1081781.0,125298.0
UP,12,87655.0,3886.0
UP,13,39526838.0,7116905.0
UP,14,-34897173.0,-6531553.0
UP,15,677399.0,387326.0
UP,16,461054.0,319834.0
UP,17,34356264.0,5924478.0
UP,18,-32873647.0,-4981299.0
UP,19,1182001.0,84511.0
UP,20,1639131.0,105051.0
UP,21,310067.0,30642.0
UP,22,30119234.0,4840339.0
UP,23,-23386173.0,-4297601.0
UP,24,4542151.0,298371.0
UP,25,663002.0,167068.0
UP,26,18405581.0,3902833.0
UP,27,-11368240.0,-1870125.0
UP,28,3349507.0,687771.0
UP,29,3306246.0,581056.0
UP,30,-9950284.0,-2257832.0
UP,31,17712671.0,3647824.0
UP,32,5118894.0,911820.0
UP,33,5756263.0,1225533.0
UP,34,2306772.0,384416.0
UP,35,-15497706.0,-3186676.0
UP,36,-45932488.0,-8515236.0
UP,37,0.0,0.0
UP,38,643010.0,0.0
UP,39,45770290.0,8617757.0
UP,40,-46413300.0,-8617757.0
UP,41,0.0,0.0
UP,42,0.0,0.0
UP,43,18741039.0,3763008.0
UP,44,28075761.0,4939231.0
UP,47,-38803045.0,-7359382.0
UP,48,39500198.0,7479056.0
UT,0,4557653.0,1444724.0
UT,1,-4557142.0,-1444724.0
UT,2,2727.0,0.0
UT,3,20684.0,0.0
UT,4,2236040.0,684980.0
UT,5,2365404.0,778836.0
UT,6,-4487114.0,-1455527.0
UT,7,9846.0,12215.0
UT,8,2129016.0,665092.0
UT,9,2404901.0,797393.0
UT,10,-4305365.0,-1369561.0
UT,11,122378.0,10289.0
UT,12,27324.0,4555.0
UT,13,4242226.0,1375160.0
UT,14,-3443685.0,-1262430.0
UT,15,194108.0,91544.0
UT,16,146064.0,81603.0
UT,17,3176979.0,1113278.0
UT,18,-2877114.0,-847018.0
UT,19,126924.0,618.0
UT,20,116420.0,2054.0
UT,21,26907.0,841.0
UT,22,2646985.0,858190.0
UT,23,-2072416.0,-809926.0
UT,24,616128.0,35808.0
UT,25,153954.0,53963.0
UT,26,1443469.0,752966.0
UT,27,-987399.0,-409398.0
UT,28,174450.0,150844.0
UT,29,260427.0,119842.0
UT,30,-605374.0,-465327.0
UT,31,1630452.0,751570.0
UT,32,386695.0,122127.0
UT,33,441037.0,136041.0
UT,34,160963.0,50429.0
UT,35,-1414008.0,-434479.0
UT,36,-5070544.0,-1596572.0
UT,37,0.0,0.0
UT,38,89655.0,0.0
UT,39,5078648.0,1622282.0
UT,40,-5168303.0,-1622282.0
UT,41,0.0,0.0
UT,42,0.0,0.0
UT,43,2558034.0,692624.0
UT,44,2684756.0,953552.0
UT,47,-4071317.0,-1455173.0
UT,48,4166781.0,1481228.0
WB,0,21101118.0,8704637.0
WB,1,-21099200.0,-8704637.0
WB,2,41262.0,0.0
WB,3,170838.0,0.0
WB,4,11069281.0,3903113.0
WB,5,10172404.0,4885463.0
WB,6,-20835374.0,-8744050.0
WB,7,333553.0,94321.0
WB,8,10560878.0,3776807.0
WB,9,10301515.0,4944411.0
WB,10,-18774529.0,-8378660.0
WB,11,1101115.0,131092.0
WB,12,326405.0,32886.0
WB,13,17592526.0,8263445.0
WB,14,-14484738.0,-7746165.0
WB,15,650094.0,548644.0
WB,16,435079.0,598414.0
WB,17,13738816.0,6660410.0
WB,18,-13445947.0,-5252143.0
WB,19,318908.0,96990.0
WB,20,1133002.0,49083.0
WB,21,431451.0,15617.0
WB,22,11907492.0,5148459.0
WB,23,-8068800.0,-4767867.0
WB,24,1643157.0,463266.0
WB,25,512723.0,333057.0
WB,26,6126024.0,4013679.0
WB,27,-4418537.0,-1610667.0
WB,28,946725.0,734887.0
WB,29,1350077.0,486888.0
WB,30,-3286880.0,-2619005.0
WB,31,7265085.0,3326774.0
WB,32,1389588.0,491601.0
WB,33,1871508.0,1181887.0
WB,34,1454612.0,492019.0
WB,35,-6273814.0,-2421695.0
WB,36,-23257417.0,-9132961.0
WB,37,0.0,0.0
WB,38,396442.0,0.0
WB,39,23150279.0,9183270.0
WB,40,-23546721.0,-9183270.0
WB,41,0.0,0.0
WB,42,0.0,0.0
WB,43,13364800.0,4017333.0
WB,44,10451517.0,5211473.0
WB,47,-16574637.0,-8245698.0
WB,48,16856629.0,8296668.0
